{"crval2": -90, "crpix1": -237.189543154, "crpix2": 7.68857200935, "crval1": 0, "wcsaxes": 2, "cdelt2": 0.0666666666667, "cunit2": "deg", "lonpole": 180, "pv2_1": 0, "cunit1": "deg", "ctype2": "DEC--SIN", "ctype1": "RA---SIN", "cdelt1": -0.0666666666667, "restfrq": 1420405750, "equinox": 2000, "latpole": -90, "pv2_2": -1.21679644751e-08, "restwav": 0}