{"crpix": [-147.105551401, 20.5609993928], "equinox": 2000, "pv": [1, 0.707106781187], "wcsaxes": 2, "lonpole": 180, "cdelt": [-0.0666666666667, 0.0666666666667], "naxis": [192, 192], "ctype": ["RA---CYP", "DEC--CYP"], "crval": [0, -90], "restfrq": 1420405750, "cunit": ["deg", "deg"], "latpole": 0, "restwav": 0}