{"naxis2": 192, "crval2": -90, "crpix1": -246.941901905, "crpix2": 5.08227445044, "crval1": 0, "naxis1": 192, "wcsaxes": 2, "cdelt2": 0.0666666666667, "cunit2": "deg", "lonpole": 180, "cunit1": "deg", "ctype2": "DEC--ARC", "ctype1": "RA---ARC", "cdelt1": -0.0666666666667, "restfrq": 1420405750, "equinox": 2000, "latpole": -90, "restwav": 0}