{"pv2_3": 60, "crval2": -90, "crpix1": -247.865697278, "crpix2": -22.6205195637, "crval1": 0, "naxis1": 192, "wcsaxes": 2, "cdelt2": 0.0666666666667, "cunit2": "deg", "lonpole": 180, "pv2_1": 2, "cunit1": "deg", "ctype2": "DEC--SZP", "ctype1": "RA---SZP", "cdelt1": -0.0666666666667, "restfrq": 1420405750, "equinox": 2000, "latpole": -90, "naxis2": 192, "pv2_2": 180, "restwav": 0}