{"crpix": [-248.217381441, 7.68857112488], "equinox": 2000, "pv": [1], "wcsaxes": 2, "lonpole": 180, "cdelt": [-0.0666666666667, 0.0666666666667], "naxis": [192, 192], "ctype": ["RA---CEA", "DEC--CEA"], "crval": [0, -90], "restfrq": 1420405750, "cunit": ["deg", "deg"], "latpole": 0, "restwav": 0}