{"crval2": -90, "crpix1": -234.754501084, "crpix2": 8.33933082442, "crval1": 0, "wcsaxes": 2, "cdelt2": 0.0666666666667, "cunit2": "deg", "lonpole": 180, "pv2_1": 45, "cunit1": "deg", "ctype2": "DEC--AIR", "ctype1": "RA---AIR", "cdelt1": -0.0666666666667, "restfrq": 1420405750, "equinox": 2000, "latpole": -90, "restwav": 0}