{"crval2": -90, "crpix1": -251.945990929, "crpix2": 3.74494253774, "crval1": 0, "wcsaxes": 2, "cdelt2": 0.0666666666667, "cunit2": "deg", "lonpole": 180, "cunit1": "deg", "ctype2": "DEC--STG", "ctype1": "RA---STG", "cdelt1": -0.0666666666667, "restfrq": 1420405750, "equinox": 2000, "latpole": -90, "restwav": 0}