{"crpix": [-248.217381441, 7.52703819975], "equinox": 2000, "wcsaxes": 2, "lonpole": 180, "cdelt": [-0.0666666666667, 0.0666666666667], "naxis": [192, 192], "ctype": ["RA---CAR", "DEC--CAR"], "crval": [0, -90], "restfrq": 1420405750, "cunit": ["deg", "deg"], "latpole": 0, "restwav": 0}