{"equinox": 2000, "crpix1": -183.293725563, "crpix2": 22.0921112058, "lonpole": 180, "ctype2": "DEC--ZPN", "ctype1": "RA---ZPN", "pv2_8": 0, "pv2_9": 0, "pv2_0": 0.05, "wcsaxes": 2, "pv2_2": -0.807, "pv2_3": 0.337, "pv2_4": -0.065, "pv2_5": 0.01, "pv2_6": 0.003, "pv2_7": -0.001, "pv2_12": 0, "pv2_13": 0, "pv2_10": 0, "pv2_11": 0, "pv2_16": 0, "pv2_17": 0, "pv2_14": 0, "pv2_15": 0, "restfrq": 1420405750, "pv2_18": 0, "pv2_19": 0, "restwav": 0, "crval2": -90, "crval1": 0, "cunit1": "deg", "cunit2": "deg", "cdelt1": -0.0666666666667, "cdelt2": 0.0666666666667, "pv2_1": 0.975, "latpole": -90}