{"crval2": -90, "crpix1": -254.110084878, "crpix2": -11.3494854253, "crval1": 0, "wcsaxes": 2, "cdelt2": 0.0666666666667, "cunit2": "deg", "lonpole": 180, "pv2_1": 2, "cunit1": "deg", "ctype2": "DEC--AZP", "ctype1": "RA---AZP", "cdelt1": -0.0666666666667, "restfrq": 1420405750, "equinox": 2000, "latpole": -90, "pv2_2": 30, "restwav": 0}