{"crpix": [-183.293725563, 22.0921112058], "equinox": 2000, "pv": [0.05, 0.975, -0.807, 0.337, -0.065, 0.01, 0.003, -0.001, 0, 0, 0, 0, 0, 0, 0, 0, 0, 0, 0, 0], "wcsaxes": 2, "lonpole": 180, "cdelt": [-0.0666666666667, 0.0666666666667], "naxis": [192, 192], "ctype": ["RA---ZPN", "DEC--ZPN"], "crval": [0, -90], "restfrq": 1420405750, "cunit": ["deg", "deg"], "latpole": -90, "restwav": 0}