{"naxis2": 192, "crval2": -90, "crpix1": -147.105551401, "crpix2": 20.5609993928, "crval1": 0, "naxis1": 192, "wcsaxes": 2, "cdelt2": 0.0666666666667, "cunit2": "deg", "lonpole": 180, "pv2_1": 1, "cunit1": "deg", "ctype2": "DEC--CYP", "ctype1": "RA---CYP", "cdelt1": -0.0666666666667, "restfrq": 1420405750, "equinox": 2000, "latpole": 0, "pv2_2": 0.707106781187, "restwav": 0}