{"naxis2": 192, "crval2": -90, "crpix1": -246.348308624, "crpix2": 7.52703819975, "crval1": 0, "naxis1": 192, "wcsaxes": 2, "cdelt2": 0.0666666666667, "cunit2": "deg", "lonpole": 180, "cunit1": "deg", "ctype2": "DEC--SFL", "ctype1": "RA---SFL", "cdelt1": -0.0666666666667, "restfrq": 1420405750, "equinox": 2000, "latpole": 0, "restwav": 0}