{"crpix": [-246.231711628, 7.11585002705], "equinox": 2000, "wcsaxes": 2, "lonpole": 180, "cdelt": [-0.0666666666667, 0.0666666666667], "naxis": [192, 192], "ctype": ["RA---AIT", "DEC--AIT"], "crval": [0, -90], "restfrq": 1420405750, "cunit": ["deg", "deg"], "latpole": 0, "restwav": 0}