{"pc1_1": 1.56247633715e-10, "pc1_2": 0.000110018065688, "date_obs": "22/03/99", "crval2": 0.31526414, "crpix1": 1024.5, "crpix2": 744.5, "crval1": 145.47760678, "wcsaxes": 2, "cdelt2": 1, "cunit2": "deg", "pc2_2": -1.93010752688e-08, "pc2_1": 0.000109945307617, "cunit1": "deg", "ctype2": "DEC--TAN", "ctype1": "RA---TAN", "cdelt1": 1, "restfrq": 0, "equinox": 2000, "latpole": 0.31526414, "lonpole": 180, "restwav": 0}