{"EQUINOX": 2000.0, "CRPIX1": -237.1895431541, "CRPIX2": 7.688572009351, "CRVAL1": 0.0, "NAXIS1": 192, "CDELT1": -0.06666666666667, "CDELT2": 0.06666666666667, "NAXIS2": 192, "LONPOLE": 180.0, "NAXIS": 2, "CTYPE2": "DEC--SIN", "CTYPE1": "RA---SIN", "CRVAL2": -90.0, "LATPOLE": -90.0}