{"EQUINOX": 2000.0, "CRPIX1": -251.945990929, "CRPIX2": 3.744942537739, "CRVAL1": 0.0, "NAXIS1": 192, "CDELT1": -0.06666666666667, "CDELT2": 0.06666666666667, "NAXIS2": 192, "LONPOLE": 180.0, "NAXIS": 2, "CTYPE2": "DEC--STG", "CTYPE1": "RA---STG", "CRVAL2": -90.0, "LATPOLE": -90.0}