{"crpix": [-268.065808712, -0.563043720109], "equinox": 2000, "wcsaxes": 2, "lonpole": 180, "cdelt": [-0.0666666666667, 0.0666666666667], "naxis": [192, 192], "ctype": ["RA---TAN", "DEC--TAN"], "crval": [0, -90], "restfrq": 1420405750, "cunit": ["deg", "deg"], "latpole": -90, "restwav": 0}