{"EQUINOX": 2000.0, "CRPIX1": -254.1100848779, "CRPIX2": -11.34948542534, "CRVAL1": 0.0, "NAXIS1": 192, "CDELT1": -0.06666666666667, "CDELT2": 0.06666666666667, "NAXIS2": 192, "LONPOLE": 180.0, "NAXIS": 2, "CTYPE2": "DEC--AZP", "CTYPE1": "RA---AZP", "CRVAL2": -90.0, "LATPOLE": -90.0}