{"EQUINOX": 2000.0, "CRPIX1": -234.7545010835, "CRPIX2": 8.339330824422, "CRVAL1": 0.0, "NAXIS1": 192, "CDELT1": -0.06666666666667, "CDELT2": 0.06666666666667, "NAXIS2": 192, "LONPOLE": 180.0, "NAXIS": 2, "CTYPE2": "DEC--AIR", "CTYPE1": "RA---AIR", "CRVAL2": -90.0, "LATPOLE": -90.0}