{"crpix": [-237.189543154, 7.68857112488], "equinox": 2000, "pv": [0, 0], "wcsaxes": 2, "lonpole": 180, "cdelt": [-0.0666666666667, 0.0666666666667], "naxis": [192, 192], "ctype": ["RA---SIN", "DEC--SIN"], "crval": [0, -90], "restfrq": 1420405750, "cunit": ["deg", "deg"], "latpole": -90, "restwav": 0}