{"EQUINOX": 2000.0, "CRPIX1": -247.8656972779, "CRPIX2": -22.62051956373, "CRVAL1": 0.0, "NAXIS1": 192, "CDELT1": -0.06666666666667, "CDELT2": 0.06666666666667, "NAXIS2": 192, "LONPOLE": 180.0, "NAXIS": 2, "CTYPE2": "DEC--SZP", "CTYPE1": "RA---SZP", "CRVAL2": -90.0, "LATPOLE": -90.0}