{"CDELT1": 5.555555555555556e-05, "CDELT2": 5.555555555555556e-05, "NAXIS": 2, "CD1_2": 1.119595821259043e-08, "CD1_1": -5.557083308307701e-05, "EQUINOX": 2000.0, "B_1_1": 1.654076157788624e-09, "B_2_0": -2.358464967766551e-09, "B_ORDER": 2, "A_ORDER": 2, "B_0_2": 2.419127563916605e-09, "NAXIS1": 4096, "NAXIS2": 4096, "CD2_1": 9.183699386059067e-09, "CD2_2": 5.557204016463274e-05, "CRVAL2": -0.1132432699671816, "A_1_1": 1.889718326840132e-09, "CRPIX1": 0.0, "CRPIX2": 0.0, "CRVAL1": 22.11388326212198, "A_0_2": 6.68821909513515e-09, "A_2_0": 2.326398584898877e-09, "CTYPE2": "DEC--TAN-SIP", "CTYPE1": "RA---TAN-SIP", "RADESYS": "FK5"}