{"crpix": [-247.865697278, -22.6205195637], "equinox": 2000, "pv": [2, 180, 60], "wcsaxes": 2, "lonpole": 180, "cdelt": [-0.0666666666667, 0.0666666666667], "naxis": [192, 192], "ctype": ["RA---SZP", "DEC--SZP"], "crval": [0, -90], "restfrq": 1420405750, "cunit": ["deg", "deg"], "latpole": -90, "restwav": 0}