{"crpix": [-244.488069036, 5.73805594999], "equinox": 2000, "wcsaxes": 2, "lonpole": 180, "cdelt": [-0.0666666666667, 0.0666666666667], "naxis": [192, 192], "ctype": ["RA---ZEA", "DEC--ZEA"], "crval": [0, -90], "restfrq": 1420405750, "cunit": ["deg", "deg"], "latpole": -90, "restwav": 0}